sampling_strategy,feature_type,peptide,lopo_auc
random_swap,biophysical,ATDALMTGF,0.7891549556213018
random_swap,biophysical,CINGVCWTV,0.36794171220400723
random_swap,biophysical,GILGFVFTL,0.33878439932958476
random_swap,biophysical,GLCTLVAML,0.8807937699380746
random_swap,biophysical,GPRLGVRAT,0.11406250000000001
random_swap,biophysical,HPVTKYIM,0.7183159722222223
random_swap,biophysical,KSKRTPMGF,0.7625605536332181
random_swap,biophysical,LLWNGPMAV,0.9081456541421458
random_swap,biophysical,LTDEMIAQY,0.5637500000000001
random_swap,biophysical,NLVPMVATV,0.5689767702061911
random_swap,biophysical,NQKLIANQF,0.4811862244897959
random_swap,biophysical,NYNYLYRLF,0.8354855371900827
random_swap,biophysical,RAQAPPPSW,0.2673611111111111
random_swap,biophysical,SPRWYFYYL,0.3265595463137996
random_swap,biophysical,TPRVTGGGAM,0.2903703703703704
random_swap,biophysical,TTDPSFLGRY,0.5141480308196194
random_swap,biophysical,YLQPRTFLL,0.4346813673918837
epitope_balanced,biophysical,ATDALMTGF,0.7891549556213018
epitope_balanced,biophysical,CINGVCWTV,0.36794171220400723
epitope_balanced,biophysical,GILGFVFTL,0.33878439932958476
epitope_balanced,biophysical,GLCTLVAML,0.8807937699380746
epitope_balanced,biophysical,GPRLGVRAT,0.11406250000000001
epitope_balanced,biophysical,HPVTKYIM,0.7183159722222223
epitope_balanced,biophysical,KSKRTPMGF,0.7625605536332181
epitope_balanced,biophysical,LLWNGPMAV,0.9081456541421458
epitope_balanced,biophysical,LTDEMIAQY,0.5637500000000001
epitope_balanced,biophysical,NLVPMVATV,0.5689767702061911
epitope_balanced,biophysical,NQKLIANQF,0.4811862244897959
epitope_balanced,biophysical,NYNYLYRLF,0.8354855371900827
epitope_balanced,biophysical,RAQAPPPSW,0.2673611111111111
epitope_balanced,biophysical,SPRWYFYYL,0.3265595463137996
epitope_balanced,biophysical,TPRVTGGGAM,0.2903703703703704
epitope_balanced,biophysical,TTDPSFLGRY,0.5141480308196194
epitope_balanced,biophysical,YLQPRTFLL,0.4346813673918837
within_cluster,biophysical,ATDALMTGF,0.7891549556213018
within_cluster,biophysical,CINGVCWTV,0.36794171220400723
within_cluster,biophysical,GILGFVFTL,0.33878439932958476
within_cluster,biophysical,GLCTLVAML,0.8807937699380746
within_cluster,biophysical,GPRLGVRAT,0.11406250000000001
within_cluster,biophysical,HPVTKYIM,0.7183159722222223
within_cluster,biophysical,KSKRTPMGF,0.7625605536332181
within_cluster,biophysical,LLWNGPMAV,0.9081456541421458
within_cluster,biophysical,LTDEMIAQY,0.5637500000000001
within_cluster,biophysical,NLVPMVATV,0.5689767702061911
within_cluster,biophysical,NQKLIANQF,0.4811862244897959
within_cluster,biophysical,NYNYLYRLF,0.8354855371900827
within_cluster,biophysical,RAQAPPPSW,0.2673611111111111
within_cluster,biophysical,SPRWYFYYL,0.3265595463137996
within_cluster,biophysical,TPRVTGGGAM,0.2903703703703704
within_cluster,biophysical,TTDPSFLGRY,0.5141480308196194
within_cluster,biophysical,YLQPRTFLL,0.4346813673918837
shuffled_cdr3,biophysical,ATDALMTGF,0.7891549556213018
shuffled_cdr3,biophysical,CINGVCWTV,0.36794171220400723
shuffled_cdr3,biophysical,GILGFVFTL,0.33878439932958476
shuffled_cdr3,biophysical,GLCTLVAML,0.8807937699380746
shuffled_cdr3,biophysical,GPRLGVRAT,0.11406250000000001
shuffled_cdr3,biophysical,HPVTKYIM,0.7183159722222223
shuffled_cdr3,biophysical,KSKRTPMGF,0.7625605536332181
shuffled_cdr3,biophysical,LLWNGPMAV,0.9081456541421458
shuffled_cdr3,biophysical,LTDEMIAQY,0.5637500000000001
shuffled_cdr3,biophysical,NLVPMVATV,0.5689767702061911
shuffled_cdr3,biophysical,NQKLIANQF,0.4811862244897959
shuffled_cdr3,biophysical,NYNYLYRLF,0.8354855371900827
shuffled_cdr3,biophysical,RAQAPPPSW,0.2673611111111111
shuffled_cdr3,biophysical,SPRWYFYYL,0.3265595463137996
shuffled_cdr3,biophysical,TPRVTGGGAM,0.2903703703703704
shuffled_cdr3,biophysical,TTDPSFLGRY,0.5141480308196194
shuffled_cdr3,biophysical,YLQPRTFLL,0.4346813673918837
random_swap,sequence,ATDALMTGF,0.5142843934911243
random_swap,sequence,CINGVCWTV,0.8392755830272627
random_swap,sequence,GILGFVFTL,0.8012627730320068
random_swap,sequence,GLCTLVAML,0.7436901857759429
random_swap,sequence,GPRLGVRAT,0.32875
random_swap,sequence,HPVTKYIM,0.6282552083333333
random_swap,sequence,KSKRTPMGF,0.4962629757785467
random_swap,sequence,LLWNGPMAV,0.7369850611136259
random_swap,sequence,LTDEMIAQY,0.6867000000000001
random_swap,sequence,NLVPMVATV,0.6994845223506847
random_swap,sequence,NQKLIANQF,0.3729272959183674
random_swap,sequence,NYNYLYRLF,0.5299586776859504
random_swap,sequence,RAQAPPPSW,0.5667438271604939
random_swap,sequence,SPRWYFYYL,0.5329631379962193
random_swap,sequence,TPRVTGGGAM,0.38049382716049385
random_swap,sequence,TTDPSFLGRY,0.4368036725818143
random_swap,sequence,YLQPRTFLL,0.5824390859739932
epitope_balanced,sequence,ATDALMTGF,0.5142843934911243
epitope_balanced,sequence,CINGVCWTV,0.8392755830272627
epitope_balanced,sequence,GILGFVFTL,0.8012627730320068
epitope_balanced,sequence,GLCTLVAML,0.7436901857759429
epitope_balanced,sequence,GPRLGVRAT,0.32875
epitope_balanced,sequence,HPVTKYIM,0.6282552083333333
epitope_balanced,sequence,KSKRTPMGF,0.4962629757785467
epitope_balanced,sequence,LLWNGPMAV,0.7369850611136259
epitope_balanced,sequence,LTDEMIAQY,0.6867000000000001
epitope_balanced,sequence,NLVPMVATV,0.6994845223506847
epitope_balanced,sequence,NQKLIANQF,0.3729272959183674
epitope_balanced,sequence,NYNYLYRLF,0.5299586776859504
epitope_balanced,sequence,RAQAPPPSW,0.5667438271604939
epitope_balanced,sequence,SPRWYFYYL,0.5329631379962193
epitope_balanced,sequence,TPRVTGGGAM,0.38049382716049385
epitope_balanced,sequence,TTDPSFLGRY,0.4368036725818143
epitope_balanced,sequence,YLQPRTFLL,0.5824390859739932
within_cluster,sequence,ATDALMTGF,0.5142843934911243
within_cluster,sequence,CINGVCWTV,0.8392755830272627
within_cluster,sequence,GILGFVFTL,0.8012627730320068
within_cluster,sequence,GLCTLVAML,0.7436901857759429
within_cluster,sequence,GPRLGVRAT,0.32875
within_cluster,sequence,HPVTKYIM,0.6282552083333333
within_cluster,sequence,KSKRTPMGF,0.4962629757785467
within_cluster,sequence,LLWNGPMAV,0.7369850611136259
within_cluster,sequence,LTDEMIAQY,0.6867000000000001
within_cluster,sequence,NLVPMVATV,0.6994845223506847
within_cluster,sequence,NQKLIANQF,0.3729272959183674
within_cluster,sequence,NYNYLYRLF,0.5299586776859504
within_cluster,sequence,RAQAPPPSW,0.5667438271604939
within_cluster,sequence,SPRWYFYYL,0.5329631379962193
within_cluster,sequence,TPRVTGGGAM,0.38049382716049385
within_cluster,sequence,TTDPSFLGRY,0.4368036725818143
within_cluster,sequence,YLQPRTFLL,0.5824390859739932
shuffled_cdr3,sequence,ATDALMTGF,0.5142843934911243
shuffled_cdr3,sequence,CINGVCWTV,0.8392755830272627
shuffled_cdr3,sequence,GILGFVFTL,0.8012627730320068
shuffled_cdr3,sequence,GLCTLVAML,0.7436901857759429
shuffled_cdr3,sequence,GPRLGVRAT,0.32875
shuffled_cdr3,sequence,HPVTKYIM,0.6282552083333333
shuffled_cdr3,sequence,KSKRTPMGF,0.4962629757785467
shuffled_cdr3,sequence,LLWNGPMAV,0.7369850611136259
shuffled_cdr3,sequence,LTDEMIAQY,0.6867000000000001
shuffled_cdr3,sequence,NLVPMVATV,0.6994845223506847
shuffled_cdr3,sequence,NQKLIANQF,0.3729272959183674
shuffled_cdr3,sequence,NYNYLYRLF,0.5299586776859504
shuffled_cdr3,sequence,RAQAPPPSW,0.5667438271604939
shuffled_cdr3,sequence,SPRWYFYYL,0.5329631379962193
shuffled_cdr3,sequence,TPRVTGGGAM,0.38049382716049385
shuffled_cdr3,sequence,TTDPSFLGRY,0.4368036725818143
shuffled_cdr3,sequence,YLQPRTFLL,0.5824390859739932
