peptide,lopo_auc,group,p2_aa,p2_preferred,p2_hydro,end_aa,end_preferred,end_hydro,anchor_dev,n_prolines,n_glycines,mean_hydro,length,pdb_hits,n_pdb_structures,n_pos_cdr3b,cdr3b_unique_kmers,cdr3b_entropy,top_enriched_3mer,top_fold_enrichment
GPRLGVRAT,0.114,failure,P,False,-1.6,T,False,-0.7,5.9,1,2,-0.256,9,none,0,40.0,253.0,5.0176,FPV,7504690.43
RAQAPPPSW,0.267,failure,A,True,1.8,W,False,-0.9,2.7,3,0,-1.211,9,none,0,36.0,59.0,3.4283,SKA,20833333.33
TPRVTGGGAM,0.29,failure,P,False,-1.6,M,False,1.9,3.4,1,3,-0.08,10,none,0,45.0,277.0,4.992,HDR,6472491.91
GILGFVFTL,0.339,mid,I,True,4.5,L,True,3.8,0.0,0,2,2.267,9,none,0,,,,,
CINGVCWTV,0.368,mid,I,True,4.5,V,True,4.2,0.0,0,1,1.378,9,none,0,,,,,
NQKLIANQF,0.427,failure,Q,False,-3.5,F,False,2.8,5.3,0,0,-0.556,9,none,0,56.0,361.0,5.2952,FED,2747252.75
SPRWYFYYL,0.43,failure,P,False,-1.6,L,True,3.8,3.4,1,0,-0.567,9,none,0,92.0,525.0,5.5441,VPL,1684919.97
YLQPRTFLL,0.435,mid,L,True,3.8,L,True,3.8,0.0,1,0,0.289,9,none,0,,,,,
TTDPSFLGRY,0.514,mid,T,False,-0.7,Y,False,-1.3,5.6,1,1,-0.69,10,none,0,,,,,
LTDEMIAQY,0.564,mid,T,False,-0.7,Y,False,-1.3,5.6,0,0,-0.056,9,none,0,,,,,
NLVPMVATV,0.569,mid,L,True,3.8,V,True,4.2,0.0,1,0,1.589,9,none,0,,,,,
HPVTKYIM,0.718,success,P,False,-1.6,M,False,1.9,3.4,1,0,-0.013,8,none,0,48.0,296.0,5.1506,GLR,95.51
KSKRTPMGF,0.763,success,S,False,-0.8,F,False,2.8,2.6,1,1,-1.233,9,none,0,85.0,357.0,5.0723,GID,1823154.06
ATDALMTGF,0.789,success,T,False,-0.7,F,False,2.8,2.5,0,1,0.756,9,none,0,104.0,473.0,5.3943,QLD,6681514.48
NYNYLYRLF,0.836,success,Y,False,-1.3,F,False,2.8,3.1,0,0,-0.556,9,none,0,44.0,153.0,3.9808,SEW,119.69
GLCTLVAML,0.881,success,L,True,3.8,L,True,3.8,0.0,0,1,2.3,9,none,0,146.0,523.0,5.4349,VQE,2267573.7
LLWNGPMAV,0.908,success,L,True,3.8,V,True,4.2,0.0,1,1,1.011,9,none,0,188.0,618.0,5.382,PAY,1759014.95
