difficulty_level,level_name,feature_type,model,seed,fold,auc,mean_neg_dist_bio,n_unique_negatives,n_sampled,replacement_used,is_anchor
1,trivial_far,biophysical,lr,0,0,0.9520284709414898,8.717766,4890,2445,False,False
1,trivial_far,biophysical,lr,0,1,0.9456593105582528,8.717766,4890,2445,False,False
1,trivial_far,biophysical,lr,0,2,0.9519448312778886,8.717766,4890,2445,False,False
1,trivial_far,biophysical,lr,0,3,0.9552485979901388,8.717766,4890,2445,False,False
1,trivial_far,biophysical,lr,0,4,0.9501423965272812,8.717766,4890,2445,False,False
1,trivial_far,biophysical,rf,0,0,0.9792782733427846,8.717766,4890,2445,False,False
1,trivial_far,biophysical,rf,0,1,0.9737078717469398,8.717766,4890,2445,False,False
1,trivial_far,biophysical,rf,0,2,0.9785924281012542,8.717766,4890,2445,False,False
1,trivial_far,biophysical,rf,0,3,0.9830336942384817,8.717766,4890,2445,False,False
1,trivial_far,biophysical,rf,0,4,0.9801690357601381,8.717766,4890,2445,False,False
1,trivial_far,sequence,lr,0,0,0.9262256347204971,8.717766,4890,2445,False,False
1,trivial_far,sequence,lr,0,1,0.9204712258647296,8.717766,4890,2445,False,False
1,trivial_far,sequence,lr,0,2,0.9200990293617038,8.717766,4890,2445,False,False
1,trivial_far,sequence,lr,0,3,0.9212198008539609,8.717766,4890,2445,False,False
1,trivial_far,sequence,lr,0,4,0.9252595966059025,8.717766,4890,2445,False,False
1,trivial_far,sequence,rf,0,0,0.9466211666896677,8.717766,4890,2445,False,False
1,trivial_far,sequence,rf,0,1,0.9489672592536832,8.717766,4890,2445,False,False
1,trivial_far,sequence,rf,0,2,0.9504434993162457,8.717766,4890,2445,False,False
1,trivial_far,sequence,rf,0,3,0.9537138101630556,8.717766,4890,2445,False,False
1,trivial_far,sequence,rf,0,4,0.9540985526156214,8.717766,4890,2445,False,False
1,trivial_far,biophysical,lr,1,0,0.9363627619489714,8.717766,4890,2445,False,False
1,trivial_far,biophysical,lr,1,1,0.9581425303507429,8.717766,4890,2445,False,False
1,trivial_far,biophysical,lr,1,2,0.9554116953341614,8.717766,4890,2445,False,False
1,trivial_far,biophysical,lr,1,3,0.9534963470376921,8.717766,4890,2445,False,False
1,trivial_far,biophysical,lr,1,4,0.9460189611117384,8.717766,4890,2445,False,False
1,trivial_far,biophysical,rf,1,0,0.9721856298693967,8.717766,4890,2445,False,False
1,trivial_far,biophysical,rf,1,1,0.9819254686957649,8.717766,4890,2445,False,False
1,trivial_far,biophysical,rf,1,2,0.9795793761317491,8.717766,4890,2445,False,False
1,trivial_far,biophysical,rf,1,3,0.9833347970274463,8.717766,4890,2445,False,False
1,trivial_far,biophysical,rf,1,4,0.9756692218583897,8.717766,4890,2445,False,False
1,trivial_far,sequence,lr,1,0,0.9154026622504924,8.717766,4890,2445,False,False
1,trivial_far,sequence,lr,1,1,0.9233609762421535,8.717766,4890,2445,False,False
1,trivial_far,sequence,lr,1,2,0.9398170800557041,8.717766,4890,2445,False,False
1,trivial_far,sequence,lr,1,3,0.9130482057201166,8.717766,4890,2445,False,False
1,trivial_far,sequence,lr,1,4,0.9195135517164951,8.717766,4890,2445,False,False
1,trivial_far,sequence,rf,1,0,0.9480639508867896,8.717766,4890,2445,False,False
1,trivial_far,sequence,rf,1,1,0.9508742435837922,8.717766,4890,2445,False,False
1,trivial_far,sequence,rf,1,2,0.9582345339807044,8.717766,4890,2445,False,False
1,trivial_far,sequence,rf,1,3,0.9509202453987731,8.717766,4890,2445,False,False
1,trivial_far,sequence,rf,1,4,0.9432713981624365,8.717766,4890,2445,False,False
1,trivial_far,biophysical,lr,2,0,0.9600746065799324,8.717766,4890,2445,False,False
1,trivial_far,biophysical,lr,2,1,0.9568001137499426,8.717766,4890,2445,False,False
1,trivial_far,biophysical,lr,2,2,0.944534357082816,8.717766,4890,2445,False,False
1,trivial_far,biophysical,lr,2,3,0.9507571480547505,8.717766,4890,2445,False,False
1,trivial_far,biophysical,lr,2,4,0.9454293014833494,8.717766,4890,2445,False,False
1,trivial_far,biophysical,rf,2,0,0.9760957841427562,8.717766,4890,2445,False,False
1,trivial_far,biophysical,rf,2,1,0.9803154051714403,8.717766,4890,2445,False,False
1,trivial_far,biophysical,rf,2,2,0.9719723487272135,8.717766,4890,2445,False,False
1,trivial_far,biophysical,rf,2,3,0.9844597505028835,8.717766,4890,2445,False,False
1,trivial_far,biophysical,rf,2,4,0.975292843372184,8.717766,4890,2445,False,False
1,trivial_far,sequence,lr,2,0,0.928981561636159,8.717766,4890,2445,False,False
1,trivial_far,sequence,lr,2,1,0.9233149744271729,8.717766,4890,2445,False,False
1,trivial_far,sequence,lr,2,2,0.9267232907189248,8.717766,4890,2445,False,False
1,trivial_far,sequence,lr,2,3,0.9326784347673354,8.717766,4890,2445,False,False
1,trivial_far,sequence,lr,2,4,0.9123874523776665,8.717766,4890,2445,False,False
1,trivial_far,sequence,rf,2,0,0.9537347200789559,8.717766,4890,2445,False,False
1,trivial_far,sequence,rf,2,1,0.9472484641666771,8.717766,4890,2445,False,False
1,trivial_far,sequence,rf,2,2,0.9483734176421142,8.717766,4890,2445,False,False
1,trivial_far,sequence,rf,2,3,0.9552276880742385,8.717766,4890,2445,False,False
1,trivial_far,sequence,rf,2,4,0.9462447882034619,8.717766,4890,2445,False,False
1,trivial_far,biophysical,lr,3,0,0.9652017179586904,8.717766,4890,2445,False,False
1,trivial_far,biophysical,lr,3,1,0.9425395511059254,8.717766,4890,2445,False,False
1,trivial_far,biophysical,lr,3,2,0.9513217157840591,8.717766,4890,2445,False,False
1,trivial_far,biophysical,lr,3,3,0.9463242458838831,8.717766,4890,2445,False,False
1,trivial_far,biophysical,lr,3,4,0.9520577448237503,8.717766,4890,2445,False,False
1,trivial_far,biophysical,rf,3,0,0.9852961471388962,8.717766,4890,2445,False,False
1,trivial_far,biophysical,rf,3,1,0.98029449525554,8.717766,4890,2445,False,False
1,trivial_far,biophysical,rf,3,2,0.9756023101275086,8.717766,4890,2445,False,False
1,trivial_far,biophysical,rf,3,3,0.9810974360261123,8.717766,4890,2445,False,False
1,trivial_far,biophysical,rf,3,4,0.9769029068965085,8.717766,4890,2445,False,False
1,trivial_far,sequence,lr,3,0,0.9256485210416484,8.717766,4890,2445,False,False
1,trivial_far,sequence,lr,3,1,0.9233818861580538,8.717766,4890,2445,False,False
1,trivial_far,sequence,lr,3,2,0.9325529752719335,8.717766,4890,2445,False,False
1,trivial_far,sequence,lr,3,3,0.9196933769932378,8.717766,4890,2445,False,False
1,trivial_far,sequence,lr,3,4,0.9157957686694184,8.717766,4890,2445,False,False
1,trivial_far,sequence,rf,3,0,0.9627510758151728,8.717766,4890,2445,False,False
1,trivial_far,sequence,rf,3,1,0.9469139055122721,8.717766,4890,2445,False,False
1,trivial_far,sequence,rf,3,2,0.9544832950681872,8.717766,4890,2445,False,False
1,trivial_far,sequence,rf,3,3,0.9541947382287628,8.717766,4890,2445,False,False
1,trivial_far,sequence,rf,3,4,0.9402478243232506,8.717766,4890,2445,False,False
1,trivial_far,biophysical,lr,4,0,0.9556207944931646,8.717766,4890,2445,False,False
1,trivial_far,biophysical,lr,4,1,0.9552695079060392,8.717766,4890,2445,False,False
1,trivial_far,biophysical,lr,4,2,0.9586109124669101,8.717766,4890,2445,False,False
1,trivial_far,biophysical,lr,4,3,0.9475161110902011,8.717766,4890,2445,False,False
1,trivial_far,biophysical,lr,4,4,0.9411678606228645,8.717766,4890,2445,False,False
1,trivial_far,biophysical,rf,4,0,0.9788642570079583,8.717766,4890,2445,False,False
1,trivial_far,biophysical,rf,4,1,0.9780194964055854,8.717766,4890,2445,False,False
1,trivial_far,biophysical,rf,4,2,0.9852961471388962,8.717766,4890,2445,False,False
1,trivial_far,biophysical,rf,4,3,0.9803195871546205,8.717766,4890,2445,False,False
1,trivial_far,biophysical,rf,4,4,0.9784836965385725,8.717766,4890,2445,False,False
1,trivial_far,sequence,lr,4,0,0.9321096850548467,8.717766,4890,2445,False,False
1,trivial_far,sequence,lr,4,1,0.9338744819568334,8.717766,4890,2445,False,False
1,trivial_far,sequence,lr,4,2,0.9323229661970299,8.717766,4890,2445,False,False
1,trivial_far,sequence,lr,4,3,0.9256987048398091,8.717766,4890,2445,False,False
1,trivial_far,sequence,lr,4,4,0.9105557437447986,8.717766,4890,2445,False,False
1,trivial_far,sequence,rf,4,0,0.9532119721814478,8.717766,4890,2445,False,False
1,trivial_far,sequence,rf,4,1,0.9452327482738864,8.717766,4890,2445,False,False
1,trivial_far,sequence,rf,4,2,0.9622450558503853,8.717766,4890,2445,False,False
1,trivial_far,sequence,rf,4,3,0.9531199685514865,8.717766,4890,2445,False,False
1,trivial_far,sequence,rf,4,4,0.9516186365898437,8.717766,4890,2445,False,False
2,very_easy,biophysical,lr,0,0,0.8685811785664999,4.431002,4890,2445,False,False
2,very_easy,biophysical,lr,0,1,0.8876510218675902,4.431002,4890,2445,False,False
2,very_easy,biophysical,lr,0,2,0.8861705998218476,4.431002,4890,2445,False,False
2,very_easy,biophysical,lr,0,3,0.8886546978308054,4.431002,4890,2445,False,False
2,very_easy,biophysical,lr,0,4,0.8919124627280749,4.431002,4890,2445,False,False
2,very_easy,biophysical,rf,0,0,0.926614559156243,4.431002,4890,2445,False,False
2,very_easy,biophysical,rf,0,1,0.9381150129014181,4.431002,4890,2445,False,False
2,very_easy,biophysical,rf,0,2,0.9358860158664443,4.431002,4890,2445,False,False
2,very_easy,biophysical,rf,0,3,0.9438401478749252,4.431002,4890,2445,False,False
2,very_easy,biophysical,rf,0,4,0.9487163402628795,4.431002,4890,2445,False,False
2,very_easy,sequence,lr,0,0,0.7489388217680589,4.431002,4890,2445,False,False
2,very_easy,sequence,lr,0,1,0.7739261712689391,4.431002,4890,2445,False,False
2,very_easy,sequence,lr,0,2,0.77201082297247,4.431002,4890,2445,False,False
2,very_easy,sequence,lr,0,3,0.7635255791001208,4.431002,4890,2445,False,False
2,very_easy,sequence,lr,0,4,0.7705178549771873,4.431002,4890,2445,False,False
2,very_easy,sequence,rf,0,0,0.9000840578619191,4.431002,4890,2445,False,False
2,very_easy,sequence,rf,0,1,0.9211737990389803,4.431002,4890,2445,False,False
2,very_easy,sequence,rf,0,2,0.9030532659197645,4.431002,4890,2445,False,False
2,very_easy,sequence,rf,0,3,0.919910840118601,4.431002,4890,2445,False,False
2,very_easy,sequence,rf,0,4,0.9326366149355347,4.431002,4890,2445,False,False
2,very_easy,biophysical,lr,1,0,0.8727087959652227,4.431002,4890,2445,False,False
2,very_easy,biophysical,lr,1,1,0.8697312239410172,4.431002,4890,2445,False,False
2,very_easy,biophysical,lr,1,2,0.8932548793288753,4.431002,4890,2445,False,False
2,very_easy,biophysical,lr,1,3,0.8867393495343361,4.431002,4890,2445,False,False
2,very_easy,biophysical,lr,1,4,0.8900682081456667,4.431002,4890,2445,False,False
2,very_easy,biophysical,rf,1,0,0.9323773319783708,4.431002,4890,2445,False,False
2,very_easy,biophysical,rf,1,1,0.9249417658842176,4.431002,4890,2445,False,False
2,very_easy,biophysical,rf,1,2,0.933176090765763,4.431002,4890,2445,False,False
2,very_easy,biophysical,rf,1,3,0.9459604133472175,4.431002,4890,2445,False,False
2,very_easy,biophysical,rf,1,4,0.93693151166146,4.431002,4890,2445,False,False
2,very_easy,sequence,lr,1,0,0.758666114644887,4.431002,4890,2445,False,False
2,very_easy,sequence,lr,1,1,0.7436026112302977,4.431002,4890,2445,False,False
2,very_easy,sequence,lr,1,2,0.7862253838015063,4.431002,4890,2445,False,False
2,very_easy,sequence,lr,1,3,0.7495117534637276,4.431002,4890,2445,False,False
2,very_easy,sequence,lr,1,4,0.7814579229762337,4.431002,4890,2445,False,False
2,very_easy,sequence,rf,1,0,0.9121699892523033,4.431002,4890,2445,False,False
2,very_easy,sequence,rf,1,1,0.8916949996027116,4.431002,4890,2445,False,False
2,very_easy,sequence,rf,1,2,0.9138636924402291,4.431002,4890,2445,False,False
2,very_easy,sequence,rf,1,3,0.9271833088687316,4.431002,4890,2445,False,False
2,very_easy,sequence,rf,1,4,0.9189615299367266,4.431002,4890,2445,False,False
2,very_easy,biophysical,lr,2,0,0.8940034543181067,4.431002,4890,2445,False,False
2,very_easy,biophysical,lr,2,1,0.8969433884936913,4.431002,4890,2445,False,False
2,very_easy,biophysical,lr,2,2,0.8774553468745949,4.431002,4890,2445,False,False
2,very_easy,biophysical,lr,2,3,0.8946725716269169,4.431002,4890,2445,False,False
2,very_easy,biophysical,lr,2,4,0.8694008472697924,4.431002,4890,2445,False,False
2,very_easy,biophysical,rf,2,0,0.9423597258291827,4.431002,4890,2445,False,False
2,very_easy,biophysical,rf,2,1,0.9462155143212014,4.431002,4890,2445,False,False
2,very_easy,biophysical,rf,2,2,0.9272962224145935,4.431002,4890,2445,False,False
2,very_easy,biophysical,rf,2,3,0.9472359182171369,4.431002,4890,2445,False,False
2,very_easy,biophysical,rf,2,4,0.9312356505702133,4.431002,4890,2445,False,False
2,very_easy,sequence,lr,2,0,0.770890051480213,4.431002,4890,2445,False,False
2,very_easy,sequence,lr,2,1,0.7697985538702163,4.431002,4890,2445,False,False
2,very_easy,sequence,lr,2,2,0.7708858694970329,4.431002,4890,2445,False,False
2,very_easy,sequence,lr,2,3,0.7854433529468345,4.431002,4890,2445,False,False
2,very_easy,sequence,lr,2,4,0.768267948026313,4.431002,4890,2445,False,False
2,very_easy,sequence,rf,2,0,0.920567411477871,4.431002,4890,2445,False,False
2,very_easy,sequence,rf,2,1,0.928642820998574,4.431002,4890,2445,False,False
2,very_easy,sequence,rf,2,2,0.9047386051413302,4.431002,4890,2445,False,False
2,very_easy,sequence,rf,2,3,0.9269616637601884,4.431002,4890,2445,False,False
2,very_easy,sequence,rf,2,4,0.9112081331208886,4.431002,4890,2445,False,False
2,very_easy,biophysical,lr,3,0,0.8887885212925672,4.431002,4890,2445,False,False
2,very_easy,biophysical,lr,3,1,0.8832348476294429,4.431002,4890,2445,False,False
2,very_easy,biophysical,lr,3,2,0.876547856524521,4.431002,4890,2445,False,False
2,very_easy,biophysical,lr,3,3,0.8710401846763772,4.431002,4890,2445,False,False
2,very_easy,biophysical,lr,3,4,0.8888052492252876,4.431002,4890,2445,False,False
2,very_easy,biophysical,rf,3,0,0.9408667578339,4.431002,4890,2445,False,False
2,very_easy,biophysical,rf,3,1,0.9453916636347288,4.431002,4890,2445,False,False
2,very_easy,biophysical,rf,3,2,0.9333935538911262,4.431002,4890,2445,False,False
2,very_easy,biophysical,rf,3,3,0.9313318361833549,4.431002,4890,2445,False,False
2,very_easy,biophysical,rf,3,4,0.9343763199384412,4.431002,4890,2445,False,False
2,very_easy,sequence,lr,3,0,0.7519498496577047,4.431002,4890,2445,False,False
2,very_easy,sequence,lr,3,1,0.7502770563856791,4.431002,4890,2445,False,False
2,very_easy,sequence,lr,3,2,0.7722324680810135,4.431002,4890,2445,False,False
2,very_easy,sequence,lr,3,3,0.7404243040134493,4.431002,4890,2445,False,False
2,very_easy,sequence,lr,3,4,0.7745283768468685,4.431002,4890,2445,False,False
2,very_easy,sequence,rf,3,0,0.924511021616671,4.431002,4890,2445,False,False
2,very_easy,sequence,rf,3,1,0.9189782578694469,4.431002,4890,2445,False,False
2,very_easy,sequence,rf,3,2,0.9110701276759465,4.431002,4890,2445,False,False
2,very_easy,sequence,rf,3,3,0.9038980265221374,4.431002,4890,2445,False,False
2,very_easy,sequence,rf,3,4,0.9059346523308284,4.431002,4890,2445,False,False
2,very_easy,biophysical,lr,4,0,0.9056837333400245,4.431002,4890,2445,False,False
2,very_easy,biophysical,lr,4,1,0.8806922018559641,4.431002,4890,2445,False,False
2,very_easy,biophysical,lr,4,2,0.8887508834439468,4.431002,4890,2445,False,False
2,very_easy,biophysical,lr,4,3,0.8872788253645645,4.431002,4890,2445,False,False
2,very_easy,biophysical,lr,4,4,0.8598826535519675,4.431002,4890,2445,False,False
2,very_easy,biophysical,rf,4,0,0.9450612869635038,4.431002,4890,2445,False,False
2,very_easy,biophysical,rf,4,1,0.930880181999908,4.431002,4890,2445,False,False
2,very_easy,biophysical,rf,4,2,0.9364714935116532,4.431002,4890,2445,False,False
2,very_easy,biophysical,rf,4,3,0.9336904746969108,4.431002,4890,2445,False,False
2,very_easy,biophysical,rf,4,4,0.9277144207325998,4.431002,4890,2445,False,False
2,very_easy,sequence,lr,4,0,0.7619782453234973,4.431002,4890,2445,False,False
2,very_easy,sequence,lr,4,1,0.7663191438644034,4.431002,4890,2445,False,False
2,very_easy,sequence,lr,4,2,0.7531291689144826,4.431002,4890,2445,False,False
2,very_easy,sequence,lr,4,3,0.770229298137763,4.431002,4890,2445,False,False
2,very_easy,sequence,lr,4,4,0.7572191484645849,4.431002,4890,2445,False,False
2,very_easy,sequence,rf,4,0,0.930884363983088,4.431002,4890,2445,False,False
2,very_easy,sequence,rf,4,1,0.9109028483487438,4.431002,4890,2445,False,False
2,very_easy,sequence,rf,4,2,0.9140184258178915,4.431002,4890,2445,False,False
2,very_easy,sequence,rf,4,3,0.9207179628723533,4.431002,4890,2445,False,False
2,very_easy,sequence,rf,4,4,0.9026517955344783,4.431002,4890,2445,False,False
3,easy,biophysical,lr,0,0,0.8137595610590455,3.371902,4891,2445,False,False
3,easy,biophysical,lr,0,1,0.8188406706228228,3.371902,4891,2445,False,False
3,easy,biophysical,lr,0,2,0.8259165861634904,3.371902,4891,2445,False,False
3,easy,biophysical,lr,0,3,0.8368775640784372,3.371902,4891,2445,False,False
3,easy,biophysical,lr,0,4,0.8344394678844602,3.371902,4891,2445,False,False
3,easy,biophysical,rf,0,0,0.8852631094717738,3.371902,4891,2445,False,False
3,easy,biophysical,rf,0,1,0.8931921495811744,3.371902,4891,2445,False,False
3,easy,biophysical,rf,0,2,0.8920002843748562,3.371902,4891,2445,False,False
3,easy,biophysical,rf,0,3,0.8984489024385144,3.371902,4891,2445,False,False
3,easy,biophysical,rf,0,4,0.8931921495811744,3.371902,4891,2445,False,False
3,easy,sequence,lr,0,0,0.6531923168605016,3.371902,4891,2445,False,False
3,easy,sequence,lr,0,1,0.6503862061466789,3.371902,4891,2445,False,False
3,easy,sequence,lr,0,2,0.6368909464246135,3.371902,4891,2445,False,False
3,easy,sequence,lr,0,3,0.6535854232794277,3.371902,4891,2445,False,False
3,easy,sequence,lr,0,4,0.6620623031854167,3.371902,4891,2445,False,False
3,easy,sequence,rf,0,0,0.8676695062332458,3.371902,4891,2445,False,False
3,easy,sequence,rf,0,1,0.8814198669292952,3.371902,4891,2445,False,False
3,easy,sequence,rf,0,2,0.8781202822002251,3.371902,4891,2445,False,False
3,easy,sequence,rf,0,3,0.895136771759904,3.371902,4891,2445,False,False
3,easy,sequence,rf,0,4,0.8903567649850911,3.371902,4891,2445,False,False
3,easy,biophysical,lr,1,0,0.8179624541550095,3.371902,4891,2445,False,False
3,easy,biophysical,lr,1,1,0.8317839085651197,3.371902,4891,2445,False,False
3,easy,biophysical,lr,1,2,0.8343391002881387,3.371902,4891,2445,False,False
3,easy,biophysical,lr,1,3,0.8136257375972834,3.371902,4891,2445,False,False
3,easy,biophysical,lr,1,4,0.8262678727506159,3.371902,4891,2445,False,False
3,easy,biophysical,rf,1,0,0.8889599826029501,3.371902,4891,2445,False,False
3,easy,biophysical,rf,1,1,0.8919082807448949,3.371902,4891,2445,False,False
3,easy,biophysical,rf,1,2,0.8956135178424314,3.371902,4891,2445,False,False
3,easy,biophysical,rf,1,3,0.8958811647659554,3.371902,4891,2445,False,False
3,easy,biophysical,rf,1,4,0.8844643506843816,3.371902,4891,2445,False,False
3,easy,sequence,lr,1,0,0.6097916954178011,3.371902,4891,2445,False,False
3,easy,sequence,lr,1,1,0.6093442232175341,3.371902,4891,2445,False,False
3,easy,sequence,lr,1,2,0.6228478469059597,3.371902,4891,2445,False,False
3,easy,sequence,lr,1,3,0.6435235717481944,3.371902,4891,2445,False,False
3,easy,sequence,lr,1,4,0.6435361176977346,3.371902,4891,2445,False,False
3,easy,sequence,rf,1,0,0.8806880198727842,3.371902,4891,2445,False,False
3,easy,sequence,rf,1,1,0.8789148590044371,3.371902,4891,2445,False,False
3,easy,sequence,rf,1,2,0.8877973912788923,3.371902,4891,2445,False,False
3,easy,sequence,rf,1,3,0.8792828735242827,3.371902,4891,2445,False,False
3,easy,sequence,rf,1,4,0.8777146298317589,3.371902,4891,2445,False,False
3,easy,biophysical,lr,2,0,0.834284734506798,3.371902,4891,2445,False,False
3,easy,biophysical,lr,2,1,0.8208396585828931,3.371902,4891,2445,False,False
3,easy,biophysical,lr,2,2,0.8116434775699333,3.371902,4891,2445,False,False
3,easy,biophysical,lr,2,3,0.8373668561105047,3.371902,4891,2445,False,False
3,easy,biophysical,lr,2,4,0.8108112629171006,3.371902,4891,2445,False,False
3,easy,biophysical,rf,2,0,0.9014850222272406,3.371902,4891,2445,False,False
3,easy,biophysical,rf,2,1,0.8863964269135709,3.371902,4891,2445,False,False
3,easy,biophysical,rf,2,2,0.8721902300508948,3.371902,4891,2445,False,False
3,easy,biophysical,rf,2,3,0.9131569372827981,3.371902,4891,2445,False,False
3,easy,biophysical,rf,2,4,0.8864215188126512,3.371902,4891,2445,False,False
3,easy,sequence,lr,2,0,0.6612259065494038,3.371902,4891,2445,False,False
3,easy,sequence,lr,2,1,0.6360545497886008,3.371902,4891,2445,False,False
3,easy,sequence,lr,2,2,0.6414367621413426,3.371902,4891,2445,False,False
3,easy,sequence,lr,2,3,0.6402323509854843,3.371902,4891,2445,False,False
3,easy,sequence,lr,2,4,0.6120374203854952,3.371902,4891,2445,False,False
3,easy,sequence,rf,2,0,0.8801025422275751,3.371902,4891,2445,False,False
3,easy,sequence,rf,2,1,0.8799770827321733,3.371902,4891,2445,False,False
3,easy,sequence,rf,2,2,0.8702372439058049,3.371902,4891,2445,False,False
3,easy,sequence,rf,2,3,0.9025723378540571,3.371902,4891,2445,False,False
3,easy,sequence,rf,2,4,0.8731437222159494,3.371902,4891,2445,False,False
3,easy,biophysical,lr,3,0,0.8477047185316221,3.371902,4891,2445,False,False
3,easy,biophysical,lr,3,1,0.8152274371552476,3.371902,4891,2445,False,False
3,easy,biophysical,lr,3,2,0.8411180950230218,3.371902,4891,2445,False,False
3,easy,biophysical,lr,3,3,0.8305836793924415,3.371902,4891,2445,False,False
3,easy,biophysical,lr,3,4,0.8262511448178955,3.371902,4891,2445,False,False
3,easy,biophysical,rf,3,0,0.9013679266981989,3.371902,4891,2445,False,False
3,easy,biophysical,rf,3,1,0.8919333726439752,3.371902,4891,2445,False,False
3,easy,biophysical,rf,3,2,0.9017233952685043,3.371902,4891,2445,False,False
3,easy,biophysical,rf,3,3,0.9079754601226995,3.371902,4891,2445,False,False
3,easy,biophysical,rf,3,4,0.8879646706060949,3.371902,4891,2445,False,False
3,easy,sequence,lr,3,0,0.6572739324442437,3.371902,4891,2445,False,False
3,easy,sequence,lr,3,1,0.6397974247347578,3.371902,4891,2445,False,False
3,easy,sequence,lr,3,2,0.6501520150885953,3.371902,4891,2445,False,False
3,easy,sequence,lr,3,3,0.6101388000217464,3.371902,4891,2445,False,False
3,easy,sequence,lr,3,4,0.6371711392976777,3.371902,4891,2445,False,False
3,easy,sequence,rf,3,0,0.8986078177993567,3.371902,4891,2445,False,False
3,easy,sequence,rf,3,1,0.8794543348346652,3.371902,4891,2445,False,False
3,easy,sequence,rf,3,2,0.8957431593210132,3.371902,4891,2445,False,False
3,easy,sequence,rf,3,3,0.8966339217383669,3.371902,4891,2445,False,False
3,easy,sequence,rf,3,4,0.8730809924682481,3.371902,4891,2445,False,False
3,easy,biophysical,lr,4,0,0.8186022975815591,3.371902,4891,2445,False,False
3,easy,biophysical,lr,4,1,0.8309140560636665,3.371902,4891,2445,False,False
3,easy,biophysical,lr,4,2,0.8374630417236462,3.371902,4891,2445,False,False
3,easy,biophysical,lr,4,3,0.8246829011253717,3.371902,4891,2445,False,False
3,easy,biophysical,lr,4,4,0.8189326742527843,3.371902,4891,2445,False,False
3,easy,biophysical,rf,4,0,0.8805458324446619,3.371902,4891,2445,False,False
3,easy,biophysical,rf,4,1,0.8938236290413639,3.371902,4891,2445,False,False
3,easy,biophysical,rf,4,2,0.9054871801305614,3.371902,4891,2445,False,False
3,easy,biophysical,rf,4,3,0.8896416458613003,3.371902,4891,2445,False,False
3,easy,biophysical,rf,4,4,0.8951702276253446,3.371902,4891,2445,False,False
3,easy,sequence,lr,4,0,0.65045729986074,3.371902,4891,2445,False,False
3,easy,sequence,lr,4,1,0.690867803329695,3.371902,4891,2445,False,False
3,easy,sequence,lr,4,2,0.6313874565596497,3.371902,4891,2445,False,False
3,easy,sequence,lr,4,3,0.6444477900309885,3.371902,4891,2445,False,False
3,easy,sequence,lr,4,4,0.6618741139423138,3.371902,4891,2445,False,False
3,easy,sequence,rf,4,0,0.8787433976940545,3.371902,4891,2445,False,False
3,easy,sequence,rf,4,1,0.8843054353235392,3.371902,4891,2445,False,False
3,easy,sequence,rf,4,2,0.8951158618440036,3.371902,4891,2445,False,False
3,easy,sequence,rf,4,3,0.8676736882164261,3.371902,4891,2445,False,False
3,easy,sequence,rf,4,4,0.880688019872784,3.371902,4891,2445,False,False
4,moderate_easy,biophysical,lr,0,0,0.7692298041577277,2.6691258,4890,2445,False,False
4,moderate_easy,biophysical,lr,0,1,0.774708202123611,2.6691258,4890,2445,False,False
4,moderate_easy,biophysical,lr,0,2,0.7724457492231965,2.6691258,4890,2445,False,False
4,moderate_easy,biophysical,lr,0,3,0.7859995567097829,2.6691258,4890,2445,False,False
4,moderate_easy,biophysical,lr,0,4,0.8055879659252011,2.6691258,4890,2445,False,False
4,moderate_easy,biophysical,rf,0,0,0.8427574324296068,2.6691258,4890,2445,False,False
4,moderate_easy,biophysical,rf,0,1,0.8543917096365439,2.6691258,4890,2445,False,False
4,moderate_easy,biophysical,rf,0,2,0.8480392771860272,2.6691258,4890,2445,False,False
4,moderate_easy,biophysical,rf,0,3,0.8659298012303394,2.6691258,4890,2445,False,False
4,moderate_easy,biophysical,rf,0,4,0.8773340693623731,2.6691258,4890,2445,False,False
4,moderate_easy,sequence,lr,0,0,0.5508466424948039,2.6691258,4890,2445,False,False
4,moderate_easy,sequence,lr,0,1,0.5465684737015988,2.6691258,4890,2445,False,False
4,moderate_easy,sequence,lr,0,2,0.5076007544297657,2.6691258,4890,2445,False,False
4,moderate_easy,sequence,lr,0,3,0.5410106180552942,2.6691258,4890,2445,False,False
4,moderate_easy,sequence,lr,0,4,0.527858280953994,2.6691258,4890,2445,False,False
4,moderate_easy,sequence,rf,0,0,0.8403904299496907,2.6691258,4890,2445,False,False
4,moderate_easy,sequence,rf,0,1,0.8563990615629744,2.6691258,4890,2445,False,False
4,moderate_easy,sequence,rf,0,2,0.8372664885141831,2.6691258,4890,2445,False,False
4,moderate_easy,sequence,rf,0,3,0.8583060458930835,2.6691258,4890,2445,False,False
4,moderate_easy,sequence,rf,0,4,0.8847863633892465,2.6691258,4890,2445,False,False
4,moderate_easy,biophysical,lr,1,0,0.779697308057427,2.6691258,4890,2445,False,False
4,moderate_easy,biophysical,lr,1,1,0.7875636184191267,2.6691258,4890,2445,False,False
4,moderate_easy,biophysical,lr,1,2,0.7946562618925147,2.6691258,4890,2445,False,False
4,moderate_easy,biophysical,lr,1,3,0.7960530442746558,2.6691258,4890,2445,False,False
4,moderate_easy,biophysical,lr,1,4,0.795145553924582,2.6691258,4890,2445,False,False
4,moderate_easy,biophysical,rf,1,0,0.8560979587740098,2.6691258,4890,2445,False,False
4,moderate_easy,biophysical,rf,1,1,0.8532458462452064,2.6691258,4890,2445,False,False
4,moderate_easy,biophysical,rf,1,2,0.8585653288502473,2.6691258,4890,2445,False,False
4,moderate_easy,biophysical,rf,1,3,0.870099238460863,2.6691258,4890,2445,False,False
4,moderate_easy,biophysical,rf,1,4,0.8652606839215292,2.6691258,4890,2445,False,False
4,moderate_easy,sequence,lr,1,0,0.561824348342471,2.6691258,4890,2445,False,False
4,moderate_easy,sequence,lr,1,1,0.5552669987161312,2.6691258,4890,2445,False,False
4,moderate_easy,sequence,lr,1,2,0.5209287348246285,2.6691258,4890,2445,False,False
4,moderate_easy,sequence,lr,1,3,0.5750603251073724,2.6691258,4890,2445,False,False
4,moderate_easy,sequence,lr,1,4,0.5546982490036425,2.6691258,4890,2445,False,False
4,moderate_easy,sequence,rf,1,0,0.8562861480171127,2.6691258,4890,2445,False,False
4,moderate_easy,sequence,rf,1,1,0.8507910221185091,2.6691258,4890,2445,False,False
4,moderate_easy,sequence,rf,1,2,0.857549106937492,2.6691258,4890,2445,False,False
4,moderate_easy,sequence,rf,1,3,0.8698985032682198,2.6691258,4890,2445,False,False
4,moderate_easy,sequence,rf,1,4,0.8643071917564749,2.6691258,4890,2445,False,False
4,moderate_easy,biophysical,lr,2,0,0.790871567114557,2.6691258,4890,2445,False,False
4,moderate_easy,biophysical,lr,2,1,0.7706433144725893,2.6691258,4890,2445,False,False
4,moderate_easy,biophysical,lr,2,2,0.7741896362092833,2.6691258,4890,2445,False,False
4,moderate_easy,biophysical,lr,2,3,0.8002852112528803,2.6691258,4890,2445,False,False
4,moderate_easy,biophysical,lr,2,4,0.7640985107957896,2.6691258,4890,2445,False,False
4,moderate_easy,biophysical,rf,2,0,0.8659841670116802,2.6691258,4890,2445,False,False
4,moderate_easy,biophysical,rf,2,1,0.8531412966657048,2.6691258,4890,2445,False,False
4,moderate_easy,biophysical,rf,2,2,0.8500048092806571,2.6691258,4890,2445,False,False
4,moderate_easy,biophysical,rf,2,3,0.8730433546196277,2.6691258,4890,2445,False,False
4,moderate_easy,biophysical,rf,2,4,0.8466634047197862,2.6691258,4890,2445,False,False
4,moderate_easy,sequence,lr,2,0,0.5474968739675729,2.6691258,4890,2445,False,False
4,moderate_easy,sequence,lr,2,1,0.5379243144684072,2.6691258,4890,2445,False,False
4,moderate_easy,sequence,lr,2,2,0.5334328645330189,2.6691258,4890,2445,False,False
4,moderate_easy,sequence,lr,2,3,0.5588175024360051,2.6691258,4890,2445,False,False
4,moderate_easy,sequence,lr,2,4,0.5164038290237997,2.6691258,4890,2445,False,False
4,moderate_easy,sequence,rf,2,0,0.8544586213674248,2.6691258,4890,2445,False,False
4,moderate_easy,sequence,rf,2,1,0.8474496175576383,2.6691258,4890,2445,False,False
4,moderate_easy,sequence,rf,2,2,0.8498626218525349,2.6691258,4890,2445,False,False
4,moderate_easy,sequence,rf,2,3,0.8761338401896948,2.6691258,4890,2445,False,False
4,moderate_easy,sequence,rf,2,4,0.8394076639023759,2.6691258,4890,2445,False,False
4,moderate_easy,biophysical,lr,3,0,0.8142739449901932,2.6691258,4890,2445,False,False
4,moderate_easy,biophysical,lr,3,1,0.7839252930524714,2.6691258,4890,2445,False,False
4,moderate_easy,biophysical,lr,3,2,0.7840382065983331,2.6691258,4890,2445,False,False
4,moderate_easy,biophysical,lr,3,3,0.7777819597609578,2.6691258,4890,2445,False,False
4,moderate_easy,biophysical,lr,3,4,0.7752685878697396,2.6691258,4890,2445,False,False
4,moderate_easy,biophysical,rf,3,0,0.8785217525855111,2.6691258,4890,2445,False,False
4,moderate_easy,biophysical,rf,3,1,0.8592511740917778,2.6691258,4890,2445,False,False
4,moderate_easy,biophysical,rf,3,2,0.8544418934347046,2.6691258,4890,2445,False,False
4,moderate_easy,biophysical,rf,3,3,0.8614885350931117,2.6691258,4890,2445,False,False
4,moderate_easy,biophysical,rf,3,4,0.8536891364622932,2.6691258,4890,2445,False,False
4,moderate_easy,sequence,lr,3,0,0.5534561999991636,2.6691258,4890,2445,False,False
4,moderate_easy,sequence,lr,3,1,0.5115150906863053,2.6691258,4890,2445,False,False
4,moderate_easy,sequence,lr,3,2,0.5485967355439296,2.6691258,4890,2445,False,False
4,moderate_easy,sequence,lr,3,3,0.5305556601051351,2.6691258,4890,2445,False,False
4,moderate_easy,sequence,lr,3,4,0.5325504660820255,2.6691258,4890,2445,False,False
4,moderate_easy,sequence,rf,3,0,0.8735159187189748,2.6691258,4890,2445,False,False
4,moderate_easy,sequence,rf,3,1,0.8652063181401884,2.6691258,4890,2445,False,False
4,moderate_easy,sequence,rf,3,2,0.8553577477511385,2.6691258,4890,2445,False,False
4,moderate_easy,sequence,rf,3,3,0.8518239719639847,2.6691258,4890,2445,False,False
4,moderate_easy,sequence,rf,3,4,0.8388012763412666,2.6691258,4890,2445,False,False
4,moderate_easy,biophysical,lr,4,0,0.7835530965494456,2.6691258,4890,2445,False,False
4,moderate_easy,biophysical,lr,4,1,0.7850377005783682,2.6691258,4890,2445,False,False
4,moderate_easy,biophysical,lr,4,2,0.7920216124890745,2.6691258,4890,2445,False,False
4,moderate_easy,biophysical,lr,4,3,0.7915657763224476,2.6691258,4890,2445,False,False
4,moderate_easy,biophysical,lr,4,4,0.7603179980010122,2.6691258,4890,2445,False,False
4,moderate_easy,biophysical,rf,4,0,0.8408713580153981,2.6691258,4890,2445,False,False
4,moderate_easy,biophysical,rf,4,1,0.8563446957816336,2.6691258,4890,2445,False,False
4,moderate_easy,biophysical,rf,4,2,0.866030168826661,2.6691258,4890,2445,False,False
4,moderate_easy,biophysical,rf,4,3,0.8600833887446103,2.6691258,4890,2445,False,False
4,moderate_easy,biophysical,rf,4,4,0.847303248146336,2.6691258,4890,2445,False,False
4,moderate_easy,sequence,lr,4,0,0.526210579581049,2.6691258,4890,2445,False,False
4,moderate_easy,sequence,lr,4,1,0.5412280811806576,2.6691258,4890,2445,False,False
4,moderate_easy,sequence,lr,4,2,0.5405129620568666,2.6691258,4890,2445,False,False
4,moderate_easy,sequence,lr,4,3,0.5479610741005599,2.6691258,4890,2445,False,False
4,moderate_easy,sequence,lr,4,4,0.5406216936195483,2.6691258,4890,2445,False,False
4,moderate_easy,sequence,rf,4,0,0.8454129917489471,2.6691258,4890,2445,False,False
4,moderate_easy,sequence,rf,4,1,0.8619945550578996,2.6691258,4890,2445,False,False
4,moderate_easy,sequence,rf,4,2,0.868535176751519,2.6691258,4890,2445,False,False
4,moderate_easy,sequence,rf,4,3,0.8500800849778983,2.6691258,4890,2445,False,False
4,moderate_easy,sequence,rf,4,4,0.8413188302156649,2.6691258,4890,2445,False,False
5,moderate_hard,biophysical,lr,0,0,0.7235458198987124,2.2195108,4889,2445,False,False
5,moderate_hard,biophysical,lr,0,1,0.7286687492942903,2.2195108,4889,2445,False,False
5,moderate_hard,biophysical,lr,0,2,0.699666695940549,2.2195108,4889,2445,False,False
5,moderate_hard,biophysical,lr,0,3,0.7427829425270052,2.2195108,4889,2445,False,False
5,moderate_hard,biophysical,lr,0,4,0.7373798202583629,2.2195108,4889,2445,False,False
5,moderate_hard,biophysical,rf,0,0,0.8037688032418735,2.2195108,4889,2445,False,False
5,moderate_hard,biophysical,rf,0,1,0.8220231598228512,2.2195108,4889,2445,False,False
5,moderate_hard,biophysical,rf,0,2,0.7941836977931676,2.2195108,4889,2445,False,False
5,moderate_hard,biophysical,rf,0,3,0.8292538087411813,2.2195108,4889,2445,False,False
5,moderate_hard,biophysical,rf,0,4,0.8126011517181678,2.2195108,4889,2445,False,False
5,moderate_hard,sequence,lr,0,0,0.4609674599888759,2.2195108,4889,2445,False,False
5,moderate_hard,sequence,lr,0,1,0.4465438000008364,2.2195108,4889,2445,False,False
5,moderate_hard,sequence,lr,0,2,0.42087896922478585,2.2195108,4889,2445,False,False
5,moderate_hard,sequence,lr,0,3,0.458868104432484,2.2195108,4889,2445,False,False
5,moderate_hard,sequence,lr,0,4,0.43860639592507566,2.2195108,4889,2445,False,False
5,moderate_hard,sequence,rf,0,0,0.8202165430890637,2.2195108,4889,2445,False,False
5,moderate_hard,sequence,rf,0,1,0.822734096963462,2.2195108,4889,2445,False,False
5,moderate_hard,sequence,rf,0,2,0.8042497313075807,2.2195108,4889,2445,False,False
5,moderate_hard,sequence,rf,0,3,0.8319846437577627,2.2195108,4889,2445,False,False
5,moderate_hard,sequence,rf,0,4,0.8260336816925322,2.2195108,4889,2445,False,False
5,moderate_hard,biophysical,lr,1,0,0.7139941703154469,2.2195108,4889,2445,False,False
5,moderate_hard,biophysical,lr,1,1,0.7224208664232752,2.2195108,4889,2445,False,False
5,moderate_hard,biophysical,lr,1,2,0.7123422869593219,2.2195108,4889,2445,False,False
5,moderate_hard,biophysical,lr,1,3,0.7322192530141644,2.2195108,4889,2445,False,False
5,moderate_hard,biophysical,lr,1,4,0.7403155724507676,2.2195108,4889,2445,False,False
5,moderate_hard,biophysical,rf,1,0,0.8077040494143132,2.2195108,4889,2445,False,False
5,moderate_hard,biophysical,rf,1,1,0.8030076823031018,2.2195108,4889,2445,False,False
5,moderate_hard,biophysical,rf,1,2,0.8090841038637343,2.2195108,4889,2445,False,False
5,moderate_hard,biophysical,rf,1,3,0.823721044993957,2.2195108,4889,2445,False,False
5,moderate_hard,biophysical,rf,1,4,0.8254147481818829,2.2195108,4889,2445,False,False
5,moderate_hard,sequence,lr,1,0,0.4259391688726628,2.2195108,4889,2445,False,False
5,moderate_hard,sequence,lr,1,1,0.409069048724286,2.2195108,4889,2445,False,False
5,moderate_hard,sequence,lr,1,2,0.4383972967660724,2.2195108,4889,2445,False,False
5,moderate_hard,sequence,lr,1,3,0.4440178821600779,2.2195108,4889,2445,False,False
5,moderate_hard,sequence,lr,1,4,0.430024966439585,2.2195108,4889,2445,False,False
5,moderate_hard,sequence,rf,1,0,0.8163482086475048,2.2195108,4889,2445,False,False
5,moderate_hard,sequence,rf,1,1,0.8095315760640012,2.2195108,4889,2445,False,False
5,moderate_hard,sequence,rf,1,2,0.8076413196666123,2.2195108,4889,2445,False,False
5,moderate_hard,sequence,rf,1,3,0.8195014239652728,2.2195108,4889,2445,False,False
5,moderate_hard,sequence,rf,1,4,0.8367688325157556,2.2195108,4889,2445,False,False
5,moderate_hard,biophysical,lr,2,0,0.7382413087934561,2.2195108,4889,2445,False,False
5,moderate_hard,biophysical,lr,2,1,0.7158300609314949,2.2195108,4889,2445,False,False
5,moderate_hard,biophysical,lr,2,2,0.7364556019755689,2.2195108,4889,2445,False,False
5,moderate_hard,biophysical,lr,2,3,0.7153114950171671,2.2195108,4889,2445,False,False
5,moderate_hard,biophysical,lr,2,4,0.7281501833799624,2.2195108,4889,2445,False,False
5,moderate_hard,biophysical,rf,2,0,0.832586849335692,2.2195108,4889,2445,False,False
5,moderate_hard,biophysical,rf,2,1,0.7953211972181448,2.2195108,4889,2445,False,False
5,moderate_hard,biophysical,rf,2,2,0.8156749093555147,2.2195108,4889,2445,False,False
5,moderate_hard,biophysical,rf,2,3,0.8294252700515639,2.2195108,4889,2445,False,False
5,moderate_hard,biophysical,rf,2,4,0.810255059154152,2.2195108,4889,2445,False,False
5,moderate_hard,sequence,lr,2,0,0.452369302570665,2.2195108,4889,2445,False,False
5,moderate_hard,sequence,lr,2,1,0.41205498471485147,2.2195108,4889,2445,False,False
5,moderate_hard,sequence,lr,2,2,0.44330694501946716,2.2195108,4889,2445,False,False
5,moderate_hard,sequence,lr,2,3,0.4304766206230319,2.2195108,4889,2445,False,False
5,moderate_hard,sequence,lr,2,4,0.4540128219604301,2.2195108,4889,2445,False,False
5,moderate_hard,sequence,rf,2,0,0.8330886873172996,2.2195108,4889,2445,False,False
5,moderate_hard,sequence,rf,2,1,0.8078085989938149,2.2195108,4889,2445,False,False
5,moderate_hard,sequence,rf,2,2,0.8329381359228173,2.2195108,4889,2445,False,False
5,moderate_hard,sequence,rf,2,3,0.8313991661125538,2.2195108,4889,2445,False,False
5,moderate_hard,sequence,rf,2,4,0.8168793205113729,2.2195108,4889,2445,False,False
5,moderate_hard,biophysical,lr,3,0,0.7269248623082037,2.2195108,4889,2445,False,False
5,moderate_hard,biophysical,lr,3,1,0.716754279214289,2.2195108,4889,2445,False,False
5,moderate_hard,biophysical,lr,3,2,0.7060902221051267,2.2195108,4889,2445,False,False
5,moderate_hard,biophysical,lr,3,3,0.7198949485825168,2.2195108,4889,2445,False,False
5,moderate_hard,biophysical,lr,3,4,0.6985166505660314,2.2195108,4889,2445,False,False
5,moderate_hard,biophysical,rf,3,0,0.8104307024477146,2.2195108,4889,2445,False,False
5,moderate_hard,biophysical,rf,3,1,0.8110789098406246,2.2195108,4889,2445,False,False
5,moderate_hard,biophysical,rf,3,2,0.8053035910689567,2.2195108,4889,2445,False,False
5,moderate_hard,biophysical,rf,3,3,0.8145792297623379,2.2195108,4889,2445,False,False
5,moderate_hard,biophysical,rf,3,4,0.7827543377620535,2.2195108,4889,2445,False,False
5,moderate_hard,sequence,lr,3,0,0.4401202738362586,2.2195108,4889,2445,False,False
5,moderate_hard,sequence,lr,3,1,0.4298325952133021,2.2195108,4889,2445,False,False
5,moderate_hard,sequence,lr,3,2,0.4406137478515062,2.2195108,4889,2445,False,False
5,moderate_hard,sequence,lr,3,3,0.42843163084798075,2.2195108,4889,2445,False,False
5,moderate_hard,sequence,lr,3,4,0.42183664337302035,2.2195108,4889,2445,False,False
5,moderate_hard,sequence,rf,3,0,0.8180920956335913,2.2195108,4889,2445,False,False
5,moderate_hard,sequence,rf,3,1,0.8242772487569054,2.2195108,4889,2445,False,False
5,moderate_hard,sequence,rf,3,2,0.8109409043956826,2.2195108,4889,2445,False,False
5,moderate_hard,sequence,rf,3,3,0.8166367654869293,2.2195108,4889,2445,False,False
5,moderate_hard,sequence,rf,3,4,0.7859326449789019,2.2195108,4889,2445,False,False
5,moderate_hard,biophysical,lr,4,0,0.7016531379510792,2.2195108,4889,2445,False,False
5,moderate_hard,biophysical,lr,4,1,0.7066004240530945,2.2195108,4889,2445,False,False
5,moderate_hard,biophysical,lr,4,2,0.7282170951108433,2.2195108,4889,2445,False,False
5,moderate_hard,biophysical,lr,4,3,0.732984555936116,2.2195108,4889,2445,False,False
5,moderate_hard,biophysical,lr,4,4,0.7132832331748362,2.2195108,4889,2445,False,False
5,moderate_hard,biophysical,rf,4,0,0.797960028604765,2.2195108,4889,2445,False,False
5,moderate_hard,biophysical,rf,4,1,0.7928831010241677,2.2195108,4889,2445,False,False
5,moderate_hard,biophysical,rf,4,2,0.825301834636021,2.2195108,4889,2445,False,False
5,moderate_hard,biophysical,rf,4,3,0.8061901715031301,2.2195108,4889,2445,False,False
5,moderate_hard,biophysical,rf,4,4,0.8152734389702285,2.2195108,4889,2445,False,False
5,moderate_hard,sequence,lr,4,0,0.43835547693427174,2.2195108,4889,2445,False,False
5,moderate_hard,sequence,lr,4,1,0.42005093655513315,2.2195108,4889,2445,False,False
5,moderate_hard,sequence,lr,4,2,0.4447246373175087,2.2195108,4889,2445,False,False
5,moderate_hard,sequence,lr,4,3,0.4333287331518353,2.2195108,4889,2445,False,False
5,moderate_hard,sequence,lr,4,4,0.42454656847370154,2.2195108,4889,2445,False,False
5,moderate_hard,sequence,rf,4,0,0.8084442604371844,2.2195108,4889,2445,False,False
5,moderate_hard,sequence,rf,4,1,0.8115723838558722,2.2195108,4889,2445,False,False
5,moderate_hard,sequence,rf,4,2,0.8260294997093522,2.2195108,4889,2445,False,False
5,moderate_hard,sequence,rf,4,3,0.8205971035584496,2.2195108,4889,2445,False,False
5,moderate_hard,sequence,rf,4,4,0.8162478410511833,2.2195108,4889,2445,False,False
6,hard,biophysical,lr,0,0,0.6700080712275376,1.8654464,4890,2445,False,False
6,hard,biophysical,lr,0,1,0.6808143157648221,1.8654464,4890,2445,False,False
6,hard,biophysical,lr,0,2,0.6772512660954078,1.8654464,4890,2445,False,False
6,hard,biophysical,lr,0,3,0.6813747015109506,1.8654464,4890,2445,False,False
6,hard,biophysical,lr,0,4,0.6978726251563017,1.8654464,4890,2445,False,False
6,hard,biophysical,rf,0,0,0.7595945149108609,1.8654464,4890,2445,False,False
6,hard,biophysical,rf,0,1,0.7783632554229867,1.8654464,4890,2445,False,False
6,hard,biophysical,rf,0,2,0.7684226814039754,1.8654464,4890,2445,False,False
6,hard,biophysical,rf,0,3,0.7864553928764099,1.8654464,4890,2445,False,False
6,hard,biophysical,rf,0,4,0.782185588049565,1.8654464,4890,2445,False,False
6,hard,sequence,lr,0,0,0.40637166957314497,1.8654464,4890,2445,False,False
6,hard,sequence,lr,0,1,0.4181606801577443,1.8654464,4890,2445,False,False
6,hard,sequence,lr,0,2,0.3811877668628017,1.8654464,4890,2445,False,False
6,hard,sequence,lr,0,3,0.38566667084864986,1.8654464,4890,2445,False,False
6,hard,sequence,lr,0,4,0.4158605894087094,1.8654464,4890,2445,False,False
6,hard,sequence,rf,0,0,0.7922014377658173,1.8654464,4890,2445,False,False
6,hard,sequence,rf,0,1,0.7977342015130415,1.8654464,4890,2445,False,False
6,hard,sequence,rf,0,2,0.8000468382116167,1.8654464,4890,2445,False,False
6,hard,sequence,rf,0,3,0.8036558896960116,1.8654464,4890,2445,False,False
6,hard,sequence,rf,0,4,0.8207351090033915,1.8654464,4890,2445,False,False
6,hard,biophysical,lr,1,0,0.6811279645033268,1.8654464,4890,2445,False,False
6,hard,biophysical,lr,1,1,0.6816130745522142,1.8654464,4890,2445,False,False
6,hard,biophysical,lr,1,2,0.6862508938989047,1.8654464,4890,2445,False,False
6,hard,biophysical,lr,1,3,0.7118697228599746,1.8654464,4890,2445,False,False
6,hard,biophysical,lr,1,4,0.6871583842489785,1.8654464,4890,2445,False,False
6,hard,biophysical,rf,1,0,0.7813701013294525,1.8654464,4890,2445,False,False
6,hard,biophysical,rf,1,1,0.7733783314723509,1.8654464,4890,2445,False,False
6,hard,biophysical,rf,1,2,0.7681299425813708,1.8654464,4890,2445,False,False
6,hard,biophysical,rf,1,3,0.7945600762793732,1.8654464,4890,2445,False,False
6,hard,biophysical,rf,1,4,0.7868986830934965,1.8654464,4890,2445,False,False
6,hard,sequence,lr,1,0,0.4070742427473957,1.8654464,4890,2445,False,False
6,hard,sequence,lr,1,1,0.40323518218809723,1.8654464,4890,2445,False,False
6,hard,sequence,lr,1,2,0.39602126120248743,1.8654464,4890,2445,False,False
6,hard,sequence,lr,1,3,0.4093617875468905,1.8654464,4890,2445,False,False
6,hard,sequence,lr,1,4,0.4116116944977647,1.8654464,4890,2445,False,False
6,hard,sequence,rf,1,0,0.8059601624282267,1.8654464,4890,2445,False,False
6,hard,sequence,rf,1,1,0.7764269972106173,1.8654464,4890,2445,False,False
6,hard,sequence,rf,1,2,0.7966468858862249,1.8654464,4890,2445,False,False
6,hard,sequence,rf,1,3,0.8069136545932811,1.8654464,4890,2445,False,False
6,hard,sequence,rf,1,4,0.7926405459997239,1.8654464,4890,2445,False,False
6,hard,biophysical,lr,2,0,0.6879529610531907,1.8654464,4890,2445,False,False
6,hard,biophysical,lr,2,1,0.6909556249764763,1.8654464,4890,2445,False,False
6,hard,biophysical,lr,2,2,0.6765361469716169,1.8654464,4890,2445,False,False
6,hard,biophysical,lr,2,3,0.6977680755768001,1.8654464,4890,2445,False,False
6,hard,biophysical,lr,2,4,0.692114034317354,1.8654464,4890,2445,False,False
6,hard,biophysical,rf,2,0,0.7867606776485545,1.8654464,4890,2445,False,False
6,hard,biophysical,rf,2,1,0.7548019621865081,1.8654464,4890,2445,False,False
6,hard,biophysical,rf,2,2,0.7621120687852594,1.8654464,4890,2445,False,False
6,hard,biophysical,rf,2,3,0.8024431145737931,1.8654464,4890,2445,False,False
6,hard,biophysical,rf,2,4,0.7772717578129901,1.8654464,4890,2445,False,False
6,hard,sequence,lr,2,0,0.4237394457199493,1.8654464,4890,2445,False,False
6,hard,sequence,lr,2,1,0.40919450821968795,1.8654464,4890,2445,False,False
6,hard,sequence,lr,2,2,0.38582558620949226,1.8654464,4890,2445,False,False
6,hard,sequence,lr,2,3,0.41568076413196664,1.8654464,4890,2445,False,False
6,hard,sequence,lr,2,4,0.38323275663785283,1.8654464,4890,2445,False,False
6,hard,sequence,rf,2,0,0.8126973373313093,1.8654464,4890,2445,False,False
6,hard,sequence,rf,2,1,0.7905328264769719,1.8654464,4890,2445,False,False
6,hard,sequence,rf,2,2,0.7813115535649315,1.8654464,4890,2445,False,False
6,hard,sequence,rf,2,3,0.8100710518942293,1.8654464,4890,2445,False,False
6,hard,sequence,rf,2,4,0.7799356810986906,1.8654464,4890,2445,False,False
6,hard,biophysical,lr,3,0,0.707290451277805,1.8654464,4890,2445,False,False
6,hard,biophysical,lr,3,1,0.682784029842632,1.8654464,4890,2445,False,False
6,hard,biophysical,lr,3,2,0.6997921554359509,1.8654464,4890,2445,False,False
6,hard,biophysical,lr,3,3,0.6918171135115694,1.8654464,4890,2445,False,False
6,hard,biophysical,lr,3,4,0.6837584319235868,1.8654464,4890,2445,False,False
6,hard,biophysical,rf,3,0,0.7773177596279709,1.8654464,4890,2445,False,False
6,hard,biophysical,rf,3,1,0.7810313606918673,1.8654464,4890,2445,False,False
6,hard,biophysical,rf,3,2,0.7802116919885749,1.8654464,4890,2445,False,False
6,hard,biophysical,rf,3,3,0.7774390371401927,1.8654464,4890,2445,False,False
6,hard,biophysical,rf,3,4,0.776021344842151,1.8654464,4890,2445,False,False
6,hard,sequence,lr,3,0,0.44044646852430364,1.8654464,4890,2445,False,False
6,hard,sequence,lr,3,1,0.3829316538488882,1.8654464,4890,2445,False,False
6,hard,sequence,lr,3,2,0.41238954336925654,1.8654464,4890,2445,False,False
6,hard,sequence,lr,3,3,0.37217977509294464,1.8654464,4890,2445,False,False
6,hard,sequence,lr,3,4,0.42335888525056353,1.8654464,4890,2445,False,False
6,hard,sequence,rf,3,0,0.801970550474446,1.8654464,4890,2445,False,False
6,hard,sequence,rf,3,1,0.7955888441416689,1.8654464,4890,2445,False,False
6,hard,sequence,rf,3,2,0.8149890641139841,1.8654464,4890,2445,False,False
6,hard,sequence,rf,3,3,0.7924398108070809,1.8654464,4890,2445,False,False
6,hard,sequence,rf,3,4,0.7762722638329548,1.8654464,4890,2445,False,False
6,hard,biophysical,lr,4,0,0.6709490174430519,1.8654464,4890,2445,False,False
6,hard,biophysical,lr,4,1,0.6800573768092305,1.8654464,4890,2445,False,False
6,hard,biophysical,lr,4,2,0.6955098046595656,1.8654464,4890,2445,False,False
6,hard,biophysical,lr,4,3,0.7166539116179675,1.8654464,4890,2445,False,False
6,hard,biophysical,lr,4,4,0.6906294302884314,1.8654464,4890,2445,False,False
6,hard,biophysical,rf,4,0,0.7704927630781069,1.8654464,4890,2445,False,False
6,hard,biophysical,rf,4,1,0.7710698767569556,1.8654464,4890,2445,False,False
6,hard,biophysical,rf,4,2,0.7802033280222147,1.8654464,4890,2445,False,False
6,hard,biophysical,rf,4,3,0.7871412381179403,1.8654464,4890,2445,False,False
6,hard,biophysical,rf,4,4,0.7869614128411976,1.8654464,4890,2445,False,False
6,hard,sequence,lr,4,0,0.41732428352173173,1.8654464,4890,2445,False,False
6,hard,sequence,lr,4,1,0.36851217584402873,1.8654464,4890,2445,False,False
6,hard,sequence,lr,4,2,0.4075091689981223,1.8654464,4890,2445,False,False
6,hard,sequence,lr,4,3,0.4144805349592884,1.8654464,4890,2445,False,False
6,hard,sequence,lr,4,4,0.39527686819643615,1.8654464,4890,2445,False,False
6,hard,sequence,rf,4,0,0.7978805709243437,1.8654464,4890,2445,False,False
6,hard,sequence,rf,4,1,0.8027358533963975,1.8654464,4890,2445,False,False
6,hard,sequence,rf,4,2,0.7937822274078813,1.8654464,4890,2445,False,False
6,hard,sequence,rf,4,3,0.8062236273685708,1.8654464,4890,2445,False,False
6,hard,sequence,rf,4,4,0.7929541947382288,1.8654464,4890,2445,False,False
7,very_hard,biophysical,lr,0,0,0.6875598546342646,1.5229337,4892,2445,False,False
7,very_hard,biophysical,lr,0,1,0.6911772700850197,1.5229337,4892,2445,False,False
7,very_hard,biophysical,lr,0,2,0.6584239778187612,1.5229337,4892,2445,False,False
7,very_hard,biophysical,lr,0,3,0.6799988290447095,1.5229337,4892,2445,False,False
7,very_hard,biophysical,lr,0,4,0.6886680801769814,1.5229337,4892,2445,False,False
7,very_hard,biophysical,rf,0,0,0.7552243424876945,1.5229337,4892,2445,False,False
7,very_hard,biophysical,rf,0,1,0.7391864369921504,1.5229337,4892,2445,False,False
7,very_hard,biophysical,rf,0,2,0.7188327248547807,1.5229337,4892,2445,False,False
7,very_hard,biophysical,rf,0,3,0.7312197590341292,1.5229337,4892,2445,False,False
7,very_hard,biophysical,rf,0,4,0.7507328925523061,1.5229337,4892,2445,False,False
7,very_hard,sequence,lr,0,0,0.42230084350600744,1.5229337,4892,2445,False,False
7,very_hard,sequence,lr,0,1,0.42246394085002986,1.5229337,4892,2445,False,False
7,very_hard,sequence,lr,0,2,0.3697416788989675,1.5229337,4892,2445,False,False
7,very_hard,sequence,lr,0,3,0.4072080662091577,1.5229337,4892,2445,False,False
7,very_hard,sequence,lr,0,4,0.4130962985266874,1.5229337,4892,2445,False,False
7,very_hard,sequence,rf,0,0,0.7745869246113892,1.5229337,4892,2445,False,False
7,very_hard,sequence,rf,0,1,0.7824281430740085,1.5229337,4892,2445,False,False
7,very_hard,sequence,rf,0,2,0.7776439543160157,1.5229337,4892,2445,False,False
7,very_hard,sequence,rf,0,3,0.7779952409031411,1.5229337,4892,2445,False,False
7,very_hard,sequence,rf,0,4,0.7864177550277893,1.5229337,4892,2445,False,False
7,very_hard,biophysical,lr,1,0,0.6811781483014875,1.5229337,4892,2445,False,False
7,very_hard,biophysical,lr,1,1,0.6473291764420523,1.5229337,4892,2445,False,False
7,very_hard,biophysical,lr,1,2,0.6789909710983142,1.5229337,4892,2445,False,False
7,very_hard,biophysical,lr,1,3,0.6689416655166214,1.5229337,4892,2445,False,False
7,very_hard,biophysical,lr,1,4,0.6836329724281849,1.5229337,4892,2445,False,False
7,very_hard,biophysical,rf,1,0,0.745927793878413,1.5229337,4892,2445,False,False
7,very_hard,biophysical,rf,1,1,0.7188996365856617,1.5229337,4892,2445,False,False
7,very_hard,biophysical,rf,1,2,0.7412481546999219,1.5229337,4892,2445,False,False
7,very_hard,biophysical,rf,1,3,0.7414530718757449,1.5229337,4892,2445,False,False
7,very_hard,biophysical,rf,1,4,0.735079729509328,1.5229337,4892,2445,False,False
7,very_hard,sequence,lr,1,0,0.4084208413313761,1.5229337,4892,2445,False,False
7,very_hard,sequence,lr,1,1,0.3937797182179733,1.5229337,4892,2445,False,False
7,very_hard,sequence,lr,1,2,0.4049623412414636,1.5229337,4892,2445,False,False
7,very_hard,sequence,lr,1,3,0.4387694932690981,1.5229337,4892,2445,False,False
7,very_hard,sequence,lr,1,4,0.42877037148556596,1.5229337,4892,2445,False,False
7,very_hard,sequence,rf,1,0,0.7868108614467153,1.5229337,4892,2445,False,False
7,very_hard,sequence,rf,1,1,0.7551741586895337,1.5229337,4892,2445,False,False
7,very_hard,sequence,rf,1,2,0.7689872491332839,1.5229337,4892,2445,False,False
7,very_hard,sequence,rf,1,3,0.7848076915034647,1.5229337,4892,2445,False,False
7,very_hard,sequence,rf,1,4,0.7848160554698249,1.5229337,4892,2445,False,False
7,very_hard,biophysical,lr,2,0,0.6450207217266573,1.5229337,4892,2445,False,False
7,very_hard,biophysical,lr,2,1,0.6996834238732692,1.5229337,4892,2445,False,False
7,very_hard,biophysical,lr,2,2,0.6240271661627377,1.5229337,4892,2445,False,False
7,very_hard,biophysical,lr,2,3,0.6595280213782979,1.5229337,4892,2445,False,False
7,very_hard,biophysical,lr,2,4,0.636071277721321,1.5229337,4892,2445,False,False
7,very_hard,biophysical,rf,2,0,0.7100923800084477,1.5229337,4892,2445,False,False
7,very_hard,biophysical,rf,2,1,0.7394666298652147,1.5229337,4892,2445,False,False
7,very_hard,biophysical,rf,2,2,0.7130197682344921,1.5229337,4892,2445,False,False
7,very_hard,biophysical,rf,2,3,0.7272468750130687,1.5229337,4892,2445,False,False
7,very_hard,biophysical,rf,2,4,0.6881286043467534,1.5229337,4892,2445,False,False
7,very_hard,sequence,lr,2,0,0.26814457952250115,1.5229337,4892,2445,False,False
7,very_hard,sequence,lr,2,1,0.3159781031360692,1.5229337,4892,2445,False,False
7,very_hard,sequence,lr,2,2,0.3248522714441643,1.5229337,4892,2445,False,False
7,very_hard,sequence,lr,2,3,0.3046783845835372,1.5229337,4892,2445,False,False
7,very_hard,sequence,lr,2,4,0.2863947541202989,1.5229337,4892,2445,False,False
7,very_hard,sequence,rf,2,0,0.7483784360219303,1.5229337,4892,2445,False,False
7,very_hard,sequence,rf,2,1,0.7935773102320582,1.5229337,4892,2445,False,False
7,very_hard,sequence,rf,2,2,0.7837371038093685,1.5229337,4892,2445,False,False
7,very_hard,sequence,rf,2,3,0.7580220892351571,1.5229337,4892,2445,False,False
7,very_hard,sequence,rf,2,4,0.7473413041932745,1.5229337,4892,2445,False,False
7,very_hard,biophysical,lr,3,0,0.6707273723345084,1.5229337,4892,2445,False,False
7,very_hard,biophysical,lr,3,1,0.6685485590976954,1.5229337,4892,2445,False,False
7,very_hard,biophysical,lr,3,2,0.6712961220469971,1.5229337,4892,2445,False,False
7,very_hard,biophysical,lr,3,3,0.6996416040414685,1.5229337,4892,2445,False,False
7,very_hard,biophysical,lr,3,4,0.650720764801084,1.5229337,4892,2445,False,False
7,very_hard,biophysical,rf,3,0,0.7222326771801724,1.5229337,4892,2445,False,False
7,very_hard,biophysical,rf,3,1,0.7176283136989223,1.5229337,4892,2445,False,False
7,very_hard,biophysical,rf,3,2,0.743360056205854,1.5229337,4892,2445,False,False
7,very_hard,biophysical,rf,3,3,0.7772132100484692,1.5229337,4892,2445,False,False
7,very_hard,biophysical,rf,3,4,0.7221950393315519,1.5229337,4892,2445,False,False
7,very_hard,sequence,lr,3,0,0.4122515379243145,1.5229337,4892,2445,False,False
7,very_hard,sequence,lr,3,1,0.4208078755107247,1.5229337,4892,2445,False,False
7,very_hard,sequence,lr,3,2,0.41106385470117646,1.5229337,4892,2445,False,False
7,very_hard,sequence,lr,3,3,0.42850690654522183,1.5229337,4892,2445,False,False
7,very_hard,sequence,lr,3,4,0.377854726268291,1.5229337,4892,2445,False,False
7,very_hard,sequence,rf,3,0,0.7969981724733504,1.5229337,4892,2445,False,False
7,very_hard,sequence,rf,3,1,0.7674064594912199,1.5229337,4892,2445,False,False
7,very_hard,sequence,rf,3,2,0.7926489099660841,1.5229337,4892,2445,False,False
7,very_hard,sequence,rf,3,3,0.8143157648219937,1.5229337,4892,2445,False,False
7,very_hard,sequence,rf,3,4,0.7591094048619736,1.5229337,4892,2445,False,False
7,very_hard,biophysical,lr,4,0,0.6648809598487795,1.5229337,4892,2445,False,False
7,very_hard,biophysical,lr,4,1,0.6681387247460491,1.5229337,4892,2445,False,False
7,very_hard,biophysical,lr,4,2,0.7046558018743648,1.5229337,4892,2445,False,False
7,very_hard,biophysical,lr,4,3,0.6929964327683473,1.5229337,4892,2445,False,False
7,very_hard,biophysical,lr,4,4,0.6769167074410026,1.5229337,4892,2445,False,False
7,very_hard,biophysical,rf,4,0,0.7291831332254382,1.5229337,4892,2445,False,False
7,very_hard,biophysical,rf,4,1,0.7246707733741495,1.5229337,4892,2445,False,False
7,very_hard,biophysical,rf,4,2,0.7666662484683487,1.5229337,4892,2445,False,False
7,very_hard,biophysical,rf,4,3,0.7488970019362583,1.5229337,4892,2445,False,False
7,very_hard,biophysical,rf,4,4,0.7453966820145449,1.5229337,4892,2445,False,False
7,very_hard,sequence,lr,4,0,0.4062169361954826,1.5229337,4892,2445,False,False
7,very_hard,sequence,lr,4,1,0.4043559536803544,1.5229337,4892,2445,False,False
7,very_hard,sequence,lr,4,2,0.408868313531643,1.5229337,4892,2445,False,False
7,very_hard,sequence,lr,4,3,0.4218700992384608,1.5229337,4892,2445,False,False
7,very_hard,sequence,lr,4,4,0.41556366860292493,1.5229337,4892,2445,False,False
7,very_hard,sequence,rf,4,0,0.7866226722036123,1.5229337,4892,2445,False,False
7,very_hard,sequence,rf,4,1,0.7688826995537825,1.5229337,4892,2445,False,False
7,very_hard,sequence,rf,4,2,0.793631676013399,1.5229337,4892,2445,False,False
7,very_hard,sequence,rf,4,3,0.7793460214703017,1.5229337,4892,2445,False,False
7,very_hard,sequence,rf,4,4,0.763073924916674,1.5229337,4892,2445,False,False
8,extreme,biophysical,lr,0,0,0.659783122352282,0.992092,4888,2445,False,False
8,extreme,biophysical,lr,0,1,0.6818389016439375,0.992092,4888,2445,False,False
8,extreme,biophysical,lr,0,2,0.682583294649989,0.992092,4888,2445,False,False
8,extreme,biophysical,lr,0,3,0.6777531040770154,0.992092,4888,2445,False,False
8,extreme,biophysical,lr,0,4,0.6841724482584132,0.992092,4888,2445,False,False
8,extreme,biophysical,rf,0,0,0.7315668636380744,0.992092,4888,2445,False,False
8,extreme,biophysical,rf,0,1,0.7509378097281294,0.992092,4888,2445,False,False
8,extreme,biophysical,rf,0,2,0.7498484031097227,0.992092,4888,2445,False,False
8,extreme,biophysical,rf,0,3,0.7539111997691545,0.992092,4888,2445,False,False
8,extreme,biophysical,rf,0,4,0.7478096863094417,0.992092,4888,2445,False,False
8,extreme,sequence,lr,0,0,0.4215940883485767,0.992092,4888,2445,False,False
8,extreme,sequence,lr,0,1,0.462284784690596,0.992092,4888,2445,False,False
8,extreme,sequence,lr,0,2,0.3875401993133183,0.992092,4888,2445,False,False
8,extreme,sequence,lr,0,3,0.410378009459646,0.992092,4888,2445,False,False
8,extreme,sequence,lr,0,4,0.4298744150451027,0.992092,4888,2445,False,False
8,extreme,sequence,rf,0,0,0.7746580183254503,0.992092,4888,2445,False,False
8,extreme,sequence,rf,0,1,0.8072482132476864,0.992092,4888,2445,False,False
8,extreme,sequence,rf,0,2,0.7965967020880642,0.992092,4888,2445,False,False
8,extreme,sequence,rf,0,3,0.7833649073063429,0.992092,4888,2445,False,False
8,extreme,sequence,rf,0,4,0.7882285537447569,0.992092,4888,2445,False,False
8,extreme,biophysical,lr,1,0,0.670497363259605,0.992092,4888,2445,False,False
8,extreme,biophysical,lr,1,1,0.6713463058451579,0.992092,4888,2445,False,False
8,extreme,biophysical,lr,1,2,0.6979102630049223,0.992092,4888,2445,False,False
8,extreme,biophysical,lr,1,3,0.6993760481095345,0.992092,4888,2445,False,False
8,extreme,biophysical,lr,1,4,0.7139607144500064,0.992092,4888,2445,False,False
8,extreme,biophysical,rf,1,0,0.7429460398710277,0.992092,4888,2445,False,False
8,extreme,biophysical,rf,1,1,0.7458190623157314,0.992092,4888,2445,False,False
8,extreme,biophysical,rf,1,2,0.7546932306238265,0.992092,4888,2445,False,False
8,extreme,biophysical,rf,1,3,0.7544611305573329,0.992092,4888,2445,False,False
8,extreme,biophysical,rf,1,4,0.7767155540500417,0.992092,4888,2445,False,False
8,extreme,sequence,lr,1,0,0.4556730692829154,0.992092,4888,2445,False,False
8,extreme,sequence,lr,1,1,0.42527423354703264,0.992092,4888,2445,False,False
8,extreme,sequence,lr,1,2,0.45019258032544196,0.992092,4888,2445,False,False
8,extreme,sequence,lr,1,3,0.4552109601415183,0.992092,4888,2445,False,False
8,extreme,sequence,lr,1,4,0.48462912082167603,0.992092,4888,2445,False,False
8,extreme,sequence,rf,1,0,0.775168220273418,0.992092,4888,2445,False,False
8,extreme,sequence,rf,1,1,0.7617482362485939,0.992092,4888,2445,False,False
8,extreme,sequence,rf,1,2,0.7860727414154339,0.992092,4888,2445,False,False
8,extreme,sequence,rf,1,3,0.7905307354853819,0.992092,4888,2445,False,False
8,extreme,sequence,rf,1,4,0.798553870216334,0.992092,4888,2445,False,False
8,extreme,biophysical,lr,2,0,0.657361754091025,0.992092,4888,2445,False,False
8,extreme,biophysical,lr,2,1,0.7175551289932711,0.992092,4888,2445,False,False
8,extreme,biophysical,lr,2,2,0.6508274053721756,0.992092,4888,2445,False,False
8,extreme,biophysical,lr,2,3,0.6707064624186082,0.992092,4888,2445,False,False
8,extreme,biophysical,lr,2,4,0.6741712354832908,0.992092,4888,2445,False,False
8,extreme,biophysical,rf,2,0,0.7362360478586156,0.992092,4888,2445,False,False
8,extreme,biophysical,rf,2,1,0.7539718385252655,0.992092,4888,2445,False,False
8,extreme,biophysical,rf,2,2,0.7382894016000268,0.992092,4888,2445,False,False
8,extreme,biophysical,rf,2,3,0.7519226667670343,0.992092,4888,2445,False,False
8,extreme,biophysical,rf,2,4,0.7438639851790517,0.992092,4888,2445,False,False
8,extreme,sequence,lr,2,0,0.41771738994065766,0.992092,4888,2445,False,False
8,extreme,sequence,lr,2,1,0.44857624382634737,0.992092,4888,2445,False,False
8,extreme,sequence,lr,2,2,0.43906014110011254,0.992092,4888,2445,False,False
8,extreme,sequence,lr,2,3,0.4598466884966189,0.992092,4888,2445,False,False
8,extreme,sequence,lr,2,4,0.4383659318922219,0.992092,4888,2445,False,False
8,extreme,sequence,rf,2,0,0.7724081113745761,0.992092,4888,2445,False,False
8,extreme,sequence,rf,2,1,0.7944220708344311,0.992092,4888,2445,False,False
8,extreme,sequence,rf,2,2,0.7720170959472401,0.992092,4888,2445,False,False
8,extreme,sequence,rf,2,3,0.8148928785008427,0.992092,4888,2445,False,False
8,extreme,sequence,rf,2,4,0.7682282191861025,0.992092,4888,2445,False,False
8,extreme,biophysical,lr,3,0,0.6393708624503913,0.992092,4888,2445,False,False
8,extreme,biophysical,lr,3,1,0.6960827363552344,0.992092,4888,2445,False,False
8,extreme,biophysical,lr,3,2,0.681012959965875,0.992092,4888,2445,False,False
8,extreme,biophysical,lr,3,3,0.6960179156159433,0.992092,4888,2445,False,False
8,extreme,biophysical,lr,3,4,0.6655918969893903,0.992092,4888,2445,False,False
8,extreme,biophysical,rf,3,0,0.7186278076789576,0.992092,4888,2445,False,False
8,extreme,biophysical,rf,3,1,0.7537188285428715,0.992092,4888,2445,False,False
8,extreme,biophysical,rf,3,2,0.7563932067865222,0.992092,4888,2445,False,False
8,extreme,biophysical,rf,3,3,0.7633311168822479,0.992092,4888,2445,False,False
8,extreme,biophysical,rf,3,4,0.7527360624955566,0.992092,4888,2445,False,False
8,extreme,sequence,lr,3,0,0.4305268044211926,0.992092,4888,2445,False,False
8,extreme,sequence,lr,3,1,0.45749641394942314,0.992092,4888,2445,False,False
8,extreme,sequence,lr,3,2,0.42128253060166193,0.992092,4888,2445,False,False
8,extreme,sequence,lr,3,3,0.44560494477691215,0.992092,4888,2445,False,False
8,extreme,sequence,lr,3,4,0.43186085705563293,0.992092,4888,2445,False,False
8,extreme,sequence,rf,3,0,0.7882829195260976,0.992092,4888,2445,False,False
8,extreme,sequence,rf,3,1,0.7894831486987759,0.992092,4888,2445,False,False
8,extreme,sequence,rf,3,2,0.8026501227412064,0.992092,4888,2445,False,False
8,extreme,sequence,rf,3,3,0.8078776017162859,0.992092,4888,2445,False,False
8,extreme,sequence,rf,3,4,0.7826790620648124,0.992092,4888,2445,False,False
8,extreme,biophysical,lr,4,0,0.6702297163360809,0.992092,4888,2445,False,False
8,extreme,biophysical,lr,4,1,0.6669259496238307,0.992092,4888,2445,False,False
8,extreme,biophysical,lr,4,2,0.6839612581078199,0.992092,4888,2445,False,False
8,extreme,biophysical,lr,4,3,0.7016698658837994,0.992092,4888,2445,False,False
8,extreme,biophysical,lr,4,4,0.6747525311453197,0.992092,4888,2445,False,False
8,extreme,biophysical,rf,4,0,0.7375826464425961,0.992092,4888,2445,False,False
8,extreme,biophysical,rf,4,1,0.7332542938512301,0.992092,4888,2445,False,False
8,extreme,biophysical,rf,4,2,0.7624696283471548,0.992092,4888,2445,False,False
8,extreme,biophysical,rf,4,3,0.7677619280615253,0.992092,4888,2445,False,False
8,extreme,biophysical,rf,4,4,0.7497605814629413,0.992092,4888,2445,False,False
8,extreme,sequence,lr,4,0,0.420038390605593,0.992092,4888,2445,False,False
8,extreme,sequence,lr,4,1,0.4332576394377742,0.992092,4888,2445,False,False
8,extreme,sequence,lr,4,2,0.4293370302064645,0.992092,4888,2445,False,False
8,extreme,sequence,lr,4,3,0.44512192571961473,0.992092,4888,2445,False,False
8,extreme,sequence,lr,4,4,0.4480388589877091,0.992092,4888,2445,False,False
8,extreme,sequence,rf,4,0,0.7918459691955119,0.992092,4888,2445,False,False
8,extreme,sequence,rf,4,1,0.7944387987671513,0.992092,4888,2445,False,False
8,extreme,sequence,rf,4,2,0.7972825473295946,0.992092,4888,2445,False,False
8,extreme,sequence,rf,4,3,0.7772968497120705,0.992092,4888,2445,False,False
8,extreme,sequence,rf,4,4,0.7745931975861593,0.992092,4888,2445,False,False
